{"update_time": 1635231596033, "list": "{\"segment_name\":{\"0\":\"机械设备\",\"1\":\"可转债\",\"2\":\"休闲服务\",\"3\":\"医药生物\",\"4\":\"传媒\"},\"stock_symbol\":{\"0\":\"002046.SZ\",\"1\":\"123042.SZ\",\"2\":\"300688.SZ\",\"3\":\"301017.SZ\",\"4\":\"300052.SZ\"},\"weight\":{\"0\":20.0,\"1\":15.0,\"2\":15.0,\"3\":15.0,\"4\":15.0},\"price\":{\"0\":16.38,\"1\":277.152,\"2\":33.73,\"3\":26.9,\"4\":19.56},\"stock_name\":{\"0\":\"国机精工\",\"1\":\"银河转债\",\"2\":\"创业黑马\",\"3\":\"漱玉平民\",\"4\":\"中青宝\"}}"}